title,fulltext,link
Moraes determina monitoramento de Bolsonaro em tempo integral pela pol√≠cia,"Moraes determina refor√ßo policial no monitoramento a Bolsonaro
O ministroAlexandre de Moraes, do Supremo Tribunal Federal (STF), determinou nesta ter√ßa-feira (26) que a Pol√≠cia Penal do Distrito Federal passe a monitorar em tempo integral o ex-presidenteJair Bolsonaro(PL), que cumpre pris√£o domiciliar.
Moraes afirmou que h√° risco de fuga, principalmente pela atua√ß√£o do filho de Bolsonaro, o deputado Eduardo Bolsonaro, que est√° nos Estados Unidos buscando influenciar as autoridades daquele pa√≠s contra o Judici√°rio brasileiro.
O ministro tamb√©m citou a proximidade do julgamento do processo em que Jair Bolsonaro √© r√©u por tentativa de golpe de Estado.
'Nesse sentido, as a√ß√µes incessantes de EDUARDO NANTES BOLSONARO, estando inclusive localizado em pa√≠s estrangeiro, demonstram a possibilidade de um risco de fuga por parte de JAIR MESSIAS BOLSONARO, de modo a se furtar da aplica√ß√£o da lei penal"", escreveu o ministro.
Nesta segunda,a PGR j√° havia opinado a favor do monitoramento integral de Bolsonaro, citando risco de fuga.
De acordo com a decis√£o de Moraes, equipes devem realizar vigil√¢ncia em tempo real do endere√ßo residencial de Bolsonaro.
O ministro destacou que o monitoramento deve ser feito de forma discreta, sem ‚Äúexposi√ß√£o indevida, inclusive midi√°tica‚Äù, e sem adotar medidas que invadam a esfera domiciliar ou perturbem a vizinhan√ßa.
""O monitoramento realizado pelas equipes da Pol√≠cia Penal do Distrito Federal dever√° evitar a exposi√ß√£o indevida, abstendo-se de toda e qualquer indiscri√ß√£o, inclusive midi√°tica, sem ado√ß√£o de medidas intrusivas da esfera domiciliar do r√©u ou perturbadoras da vizinhan√ßa; ficando ao seu crit√©rio a utiliza√ß√£o ou n√£o de uniforme e respectivos armamentos necess√°rios √† execu√ß√£o da ordem"", escreveu o ministro.
Moraes deixou a crit√©rio da Pol√≠cia Penal do DF o uso ou n√£o de uniforme e armamento durante a execu√ß√£o da ordem.
Bolsonaro em pris√£o domiciliar em 14 de agosto de 2025 ‚Äî Foto: REUTERS/Adriano Machado/File Photo
O ministro tamb√©m determinou que seja oficiada a Secretaria de Seguran√ßa P√∫blica do Distrito Federal para as provid√™ncias cab√≠veis e que os advogados de Bolsonaro sejam intimados da decis√£o.
Al√©m disso, Moraes encaminhou os autos √† Procuradoria-Geral da Rep√∫blica (PGR), que ter√° cinco dias para se manifestar sobre quest√µes pendentes do processo.
Por que Bolsonaro est√° preso em casa
Bolsonaro √© r√©u por tentativa de golpe de Estado ap√≥s a vit√≥ria de Lula nas elei√ß√µes de 2022. Esse julgamento come√ßa na ter√ßa-feira (2). N√£o √© por causa desse processo que ele est√° em pris√£o domiciliar.
Moraes, relator dos casos, determinou a pris√£o domiciliar dentro de um outro inqu√©rito, que investigaJair e Eduardo por estarem coagindo autoridades respons√°veispelo processo do golpe de Estado.
O pr√≥prio Eduardo diz que age nos Estados Unidos junto ao governo Donald Trump para anistiar os golpistas ou cancelar o julgamento de que seu pai √© alvo. Nesse contexto, Trump imp√¥s um tarifa√ßo de 50% a produtos brasileiros e justificou o julgamento ‚Äî chamado por ele de ""ca√ßa √†s bruxas"" ‚Äî como um dos motivos.",https://g1.globo.com/politica/noticia/2025/08/26/moraes-determina-monitoramento-de-bolsonaro-em-tempo-integral-pela-policia.ghtml
Moraes determina monitoramento de Bolsonaro em tempo integral pela pol√≠cia,"Moraes determina refor√ßo policial no monitoramento a Bolsonaro
O ministroAlexandre de Moraes, do Supremo Tribunal Federal (STF), determinou nesta ter√ßa-feira (26) que a Pol√≠cia Penal do Distrito Federal passe a monitorar em tempo integral o ex-presidenteJair Bolsonaro(PL), que cumpre pris√£o domiciliar.
Moraes afirmou que h√° risco de fuga, principalmente pela atua√ß√£o do filho de Bolsonaro, o deputado Eduardo Bolsonaro, que est√° nos Estados Unidos buscando influenciar as autoridades daquele pa√≠s contra o Judici√°rio brasileiro.
O ministro tamb√©m citou a proximidade do julgamento do processo em que Jair Bolsonaro √© r√©u por tentativa de golpe de Estado.
'Nesse sentido, as a√ß√µes incessantes de EDUARDO NANTES BOLSONARO, estando inclusive localizado em pa√≠s estrangeiro, demonstram a possibilidade de um risco de fuga por parte de JAIR MESSIAS BOLSONARO, de modo a se furtar da aplica√ß√£o da lei penal"", escreveu o ministro.
Nesta segunda,a PGR j√° havia opinado a favor do monitoramento integral de Bolsonaro, citando risco de fuga.
De acordo com a decis√£o de Moraes, equipes devem realizar vigil√¢ncia em tempo real do endere√ßo residencial de Bolsonaro.
O ministro destacou que o monitoramento deve ser feito de forma discreta, sem ‚Äúexposi√ß√£o indevida, inclusive midi√°tica‚Äù, e sem adotar medidas que invadam a esfera domiciliar ou perturbem a vizinhan√ßa.
""O monitoramento realizado pelas equipes da Pol√≠cia Penal do Distrito Federal dever√° evitar a exposi√ß√£o indevida, abstendo-se de toda e qualquer indiscri√ß√£o, inclusive midi√°tica, sem ado√ß√£o de medidas intrusivas da esfera domiciliar do r√©u ou perturbadoras da vizinhan√ßa; ficando ao seu crit√©rio a utiliza√ß√£o ou n√£o de uniforme e respectivos armamentos necess√°rios √† execu√ß√£o da ordem"", escreveu o ministro.
Moraes deixou a crit√©rio da Pol√≠cia Penal do DF o uso ou n√£o de uniforme e armamento durante a execu√ß√£o da ordem.
Bolsonaro em pris√£o domiciliar em 14 de agosto de 2025 ‚Äî Foto: REUTERS/Adriano Machado/File Photo
O ministro tamb√©m determinou que seja oficiada a Secretaria de Seguran√ßa P√∫blica do Distrito Federal para as provid√™ncias cab√≠veis e que os advogados de Bolsonaro sejam intimados da decis√£o.
Al√©m disso, Moraes encaminhou os autos √† Procuradoria-Geral da Rep√∫blica (PGR), que ter√° cinco dias para se manifestar sobre quest√µes pendentes do processo.
Por que Bolsonaro est√° preso em casa
Bolsonaro √© r√©u por tentativa de golpe de Estado ap√≥s a vit√≥ria de Lula nas elei√ß√µes de 2022. Esse julgamento come√ßa na ter√ßa-feira (2). N√£o √© por causa desse processo que ele est√° em pris√£o domiciliar.
Moraes, relator dos casos, determinou a pris√£o domiciliar dentro de um outro inqu√©rito, que investigaJair e Eduardo por estarem coagindo autoridades respons√°veispelo processo do golpe de Estado.
O pr√≥prio Eduardo diz que age nos Estados Unidos junto ao governo Donald Trump para anistiar os golpistas ou cancelar o julgamento de que seu pai √© alvo. Nesse contexto, Trump imp√¥s um tarifa√ßo de 50% a produtos brasileiros e justificou o julgamento ‚Äî chamado por ele de ""ca√ßa √†s bruxas"" ‚Äî como um dos motivos.",https://g1.globo.com/politica/noticia/2025/08/26/moraes-determina-monitoramento-de-bolsonaro-em-tempo-integral-pela-policia.ghtml
Moraes determina monitoramento de Bolsonaro em tempo integral pela pol√≠cia,"Moraes determina refor√ßo policial no monitoramento a Bolsonaro
O ministroAlexandre de Moraes, do Supremo Tribunal Federal (STF), determinou nesta ter√ßa-feira (26) que a Pol√≠cia Penal do Distrito Federal passe a monitorar em tempo integral o ex-presidenteJair Bolsonaro(PL), que cumpre pris√£o domiciliar.
Moraes afirmou que h√° risco de fuga, principalmente pela atua√ß√£o do filho de Bolsonaro, o deputado Eduardo Bolsonaro, que est√° nos Estados Unidos buscando influenciar as autoridades daquele pa√≠s contra o Judici√°rio brasileiro.
O ministro tamb√©m citou a proximidade do julgamento do processo em que Jair Bolsonaro √© r√©u por tentativa de golpe de Estado.
'Nesse sentido, as a√ß√µes incessantes de EDUARDO NANTES BOLSONARO, estando inclusive localizado em pa√≠s estrangeiro, demonstram a possibilidade de um risco de fuga por parte de JAIR MESSIAS BOLSONARO, de modo a se furtar da aplica√ß√£o da lei penal"", escreveu o ministro.
Nesta segunda,a PGR j√° havia opinado a favor do monitoramento integral de Bolsonaro, citando risco de fuga.
De acordo com a decis√£o de Moraes, equipes devem realizar vigil√¢ncia em tempo real do endere√ßo residencial de Bolsonaro.
O ministro destacou que o monitoramento deve ser feito de forma discreta, sem ‚Äúexposi√ß√£o indevida, inclusive midi√°tica‚Äù, e sem adotar medidas que invadam a esfera domiciliar ou perturbem a vizinhan√ßa.
""O monitoramento realizado pelas equipes da Pol√≠cia Penal do Distrito Federal dever√° evitar a exposi√ß√£o indevida, abstendo-se de toda e qualquer indiscri√ß√£o, inclusive midi√°tica, sem ado√ß√£o de medidas intrusivas da esfera domiciliar do r√©u ou perturbadoras da vizinhan√ßa; ficando ao seu crit√©rio a utiliza√ß√£o ou n√£o de uniforme e respectivos armamentos necess√°rios √† execu√ß√£o da ordem"", escreveu o ministro.
Moraes deixou a crit√©rio da Pol√≠cia Penal do DF o uso ou n√£o de uniforme e armamento durante a execu√ß√£o da ordem.
Bolsonaro em pris√£o domiciliar em 14 de agosto de 2025 ‚Äî Foto: REUTERS/Adriano Machado/File Photo
O ministro tamb√©m determinou que seja oficiada a Secretaria de Seguran√ßa P√∫blica do Distrito Federal para as provid√™ncias cab√≠veis e que os advogados de Bolsonaro sejam intimados da decis√£o.
Al√©m disso, Moraes encaminhou os autos √† Procuradoria-Geral da Rep√∫blica (PGR), que ter√° cinco dias para se manifestar sobre quest√µes pendentes do processo.
Por que Bolsonaro est√° preso em casa
Bolsonaro √© r√©u por tentativa de golpe de Estado ap√≥s a vit√≥ria de Lula nas elei√ß√µes de 2022. Esse julgamento come√ßa na ter√ßa-feira (2). N√£o √© por causa desse processo que ele est√° em pris√£o domiciliar.
Moraes, relator dos casos, determinou a pris√£o domiciliar dentro de um outro inqu√©rito, que investigaJair e Eduardo por estarem coagindo autoridades respons√°veispelo processo do golpe de Estado.
O pr√≥prio Eduardo diz que age nos Estados Unidos junto ao governo Donald Trump para anistiar os golpistas ou cancelar o julgamento de que seu pai √© alvo. Nesse contexto, Trump imp√¥s um tarifa√ßo de 50% a produtos brasileiros e justificou o julgamento ‚Äî chamado por ele de ""ca√ßa √†s bruxas"" ‚Äî como um dos motivos.",https://g1.globo.com/politica/noticia/2025/08/26/moraes-determina-monitoramento-de-bolsonaro-em-tempo-integral-pela-policia.ghtml
Moraes determina monitoramento de Bolsonaro em tempo integral pela pol√≠cia,"Moraes determina refor√ßo policial no monitoramento a Bolsonaro
O ministroAlexandre de Moraes, do Supremo Tribunal Federal (STF), determinou nesta ter√ßa-feira (26) que a Pol√≠cia Penal do Distrito Federal passe a monitorar em tempo integral o ex-presidenteJair Bolsonaro(PL), que cumpre pris√£o domiciliar.
Moraes afirmou que h√° risco de fuga, principalmente pela atua√ß√£o do filho de Bolsonaro, o deputado Eduardo Bolsonaro, que est√° nos Estados Unidos buscando influenciar as autoridades daquele pa√≠s contra o Judici√°rio brasileiro.
O ministro tamb√©m citou a proximidade do julgamento do processo em que Jair Bolsonaro √© r√©u por tentativa de golpe de Estado.
'Nesse sentido, as a√ß√µes incessantes de EDUARDO NANTES BOLSONARO, estando inclusive localizado em pa√≠s estrangeiro, demonstram a possibilidade de um risco de fuga por parte de JAIR MESSIAS BOLSONARO, de modo a se furtar da aplica√ß√£o da lei penal"", escreveu o ministro.
Nesta segunda,a PGR j√° havia opinado a favor do monitoramento integral de Bolsonaro, citando risco de fuga.
De acordo com a decis√£o de Moraes, equipes devem realizar vigil√¢ncia em tempo real do endere√ßo residencial de Bolsonaro.
O ministro destacou que o monitoramento deve ser feito de forma discreta, sem ‚Äúexposi√ß√£o indevida, inclusive midi√°tica‚Äù, e sem adotar medidas que invadam a esfera domiciliar ou perturbem a vizinhan√ßa.
""O monitoramento realizado pelas equipes da Pol√≠cia Penal do Distrito Federal dever√° evitar a exposi√ß√£o indevida, abstendo-se de toda e qualquer indiscri√ß√£o, inclusive midi√°tica, sem ado√ß√£o de medidas intrusivas da esfera domiciliar do r√©u ou perturbadoras da vizinhan√ßa; ficando ao seu crit√©rio a utiliza√ß√£o ou n√£o de uniforme e respectivos armamentos necess√°rios √† execu√ß√£o da ordem"", escreveu o ministro.
Moraes deixou a crit√©rio da Pol√≠cia Penal do DF o uso ou n√£o de uniforme e armamento durante a execu√ß√£o da ordem.
Bolsonaro em pris√£o domiciliar em 14 de agosto de 2025 ‚Äî Foto: REUTERS/Adriano Machado/File Photo
O ministro tamb√©m determinou que seja oficiada a Secretaria de Seguran√ßa P√∫blica do Distrito Federal para as provid√™ncias cab√≠veis e que os advogados de Bolsonaro sejam intimados da decis√£o.
Al√©m disso, Moraes encaminhou os autos √† Procuradoria-Geral da Rep√∫blica (PGR), que ter√° cinco dias para se manifestar sobre quest√µes pendentes do processo.
Por que Bolsonaro est√° preso em casa
Bolsonaro √© r√©u por tentativa de golpe de Estado ap√≥s a vit√≥ria de Lula nas elei√ß√µes de 2022. Esse julgamento come√ßa na ter√ßa-feira (2). N√£o √© por causa desse processo que ele est√° em pris√£o domiciliar.
Moraes, relator dos casos, determinou a pris√£o domiciliar dentro de um outro inqu√©rito, que investigaJair e Eduardo por estarem coagindo autoridades respons√°veispelo processo do golpe de Estado.
O pr√≥prio Eduardo diz que age nos Estados Unidos junto ao governo Donald Trump para anistiar os golpistas ou cancelar o julgamento de que seu pai √© alvo. Nesse contexto, Trump imp√¥s um tarifa√ßo de 50% a produtos brasileiros e justificou o julgamento ‚Äî chamado por ele de ""ca√ßa √†s bruxas"" ‚Äî como um dos motivos.",https://g1.globo.com/politica/noticia/2025/08/26/moraes-determina-monitoramento-de-bolsonaro-em-tempo-integral-pela-policia.ghtml
Mulheres s√£o presas ap√≥s cobrarem R$ 400 para pintar turistas sem autoriza√ß√£o no Centro Hist√≥rico de Salvador,"Pintura corporal realizada no Centro Hist√≥rico de Salvador ‚Äî Foto: Reprodu√ß√£o/TV Bahia
Duas mulheres foram presas em flagrante, na segunda-feira (25), ap√≥s cobrarem R$ 400 para fazer pintura corporal em duas turistas paraenses, no bairro do Pelourinho, no Centro Hist√≥rico deSalvador.
Segundo aPol√≠cia Civil(PC), a dupla foi autuada por extors√£o, depois que as v√≠timas denunciaram a a√ß√£o. As turistas, que n√£o tiveram os nomes divulgados, alegaram que n√£o pediram para serem pintadas e ficaram surpresas com o valor cobrado: R$ 200 para cada.
‚ö†Ô∏è A pintura corporal tradicionalmente oferecida a turistas no Centro Hist√≥rico de Salvador e em outros pontos da cidaderemete √† banda Timbalada,criada em 1991pelo cantor, compositor e m√∫sico Carlinhos Brown.
üì≤ Clique aqui e entre no grupo do WhatsApp do g1 Bahia
A pris√£o das suspeitas, n√£o identificadas pela pol√≠cia, foi feita por policiais militares, que atuavam no Largo do¬†Terreiro¬†de¬†Jesus no momento do crime. O local √© um dos principais pontos tur√≠sticos da cidade.
Ap√≥s o flagrante, as mulheres foram encaminhadas, juntamente com as v√≠timas, para a¬†Delegacia de Prote√ß√£o Ao Turista (Deltur), onde a ocorr√™ncia foi registrada. Conforme informou a PC, elas seguem √† disposi√ß√£o da Justi√ßa.
LEIA MAIS:
Ataque a tiros termina com tr√™s pessoas mortas no Centro Hist√≥rico de Salvador; policiamento na regi√£o √© refor√ßadoAutoridades lamentam morte de turista em desabamento do teto da 'igreja de ouro' em SalvadorV√çDEO: tr√™s mulheres s√£o flagradas enquanto furtam bolsa durante batizado em bairro nobre de Salvador
Homem √© acusado de extorquir turistas ap√≥s pintura corporal em Salvador
Veja mais not√≠cias do estado nog1 Bahia
Assista aos v√≠deos do g1 e TV Bahia üíª",https://g1.globo.com/ba/bahia/noticia/2025/08/26/mulheres-sao-presas-apos-pintar-turistas-sem-autorizacao-em-salvador.ghtml
Moraes determina monitoramento de Bolsonaro em tempo integral pela pol√≠cia,"Moraes determina refor√ßo policial no monitoramento a Bolsonaro
O ministroAlexandre de Moraes, do Supremo Tribunal Federal (STF), determinou nesta ter√ßa-feira (26) que a Pol√≠cia Penal do Distrito Federal passe a monitorar em tempo integral o ex-presidenteJair Bolsonaro(PL), que cumpre pris√£o domiciliar.
Moraes afirmou que h√° risco de fuga, principalmente pela atua√ß√£o do filho de Bolsonaro, o deputado Eduardo Bolsonaro, que est√° nos Estados Unidos buscando influenciar as autoridades daquele pa√≠s contra o Judici√°rio brasileiro.
O ministro tamb√©m citou a proximidade do julgamento do processo em que Jair Bolsonaro √© r√©u por tentativa de golpe de Estado.
'Nesse sentido, as a√ß√µes incessantes de EDUARDO NANTES BOLSONARO, estando inclusive localizado em pa√≠s estrangeiro, demonstram a possibilidade de um risco de fuga por parte de JAIR MESSIAS BOLSONARO, de modo a se furtar da aplica√ß√£o da lei penal"", escreveu o ministro.
Nesta segunda,a PGR j√° havia opinado a favor do monitoramento integral de Bolsonaro, citando risco de fuga.
De acordo com a decis√£o de Moraes, equipes devem realizar vigil√¢ncia em tempo real do endere√ßo residencial de Bolsonaro.
O ministro destacou que o monitoramento deve ser feito de forma discreta, sem ‚Äúexposi√ß√£o indevida, inclusive midi√°tica‚Äù, e sem adotar medidas que invadam a esfera domiciliar ou perturbem a vizinhan√ßa.
""O monitoramento realizado pelas equipes da Pol√≠cia Penal do Distrito Federal dever√° evitar a exposi√ß√£o indevida, abstendo-se de toda e qualquer indiscri√ß√£o, inclusive midi√°tica, sem ado√ß√£o de medidas intrusivas da esfera domiciliar do r√©u ou perturbadoras da vizinhan√ßa; ficando ao seu crit√©rio a utiliza√ß√£o ou n√£o de uniforme e respectivos armamentos necess√°rios √† execu√ß√£o da ordem"", escreveu o ministro.
Moraes deixou a crit√©rio da Pol√≠cia Penal do DF o uso ou n√£o de uniforme e armamento durante a execu√ß√£o da ordem.
Bolsonaro em pris√£o domiciliar em 14 de agosto de 2025 ‚Äî Foto: REUTERS/Adriano Machado/File Photo
O ministro tamb√©m determinou que seja oficiada a Secretaria de Seguran√ßa P√∫blica do Distrito Federal para as provid√™ncias cab√≠veis e que os advogados de Bolsonaro sejam intimados da decis√£o.
Al√©m disso, Moraes encaminhou os autos √† Procuradoria-Geral da Rep√∫blica (PGR), que ter√° cinco dias para se manifestar sobre quest√µes pendentes do processo.
Por que Bolsonaro est√° preso em casa
Bolsonaro √© r√©u por tentativa de golpe de Estado ap√≥s a vit√≥ria de Lula nas elei√ß√µes de 2022. Esse julgamento come√ßa na ter√ßa-feira (2). N√£o √© por causa desse processo que ele est√° em pris√£o domiciliar.
Moraes, relator dos casos, determinou a pris√£o domiciliar dentro de um outro inqu√©rito, que investigaJair e Eduardo por estarem coagindo autoridades respons√°veispelo processo do golpe de Estado.
O pr√≥prio Eduardo diz que age nos Estados Unidos junto ao governo Donald Trump para anistiar os golpistas ou cancelar o julgamento de que seu pai √© alvo. Nesse contexto, Trump imp√¥s um tarifa√ßo de 50% a produtos brasileiros e justificou o julgamento ‚Äî chamado por ele de ""ca√ßa √†s bruxas"" ‚Äî como um dos motivos.",https://g1.globo.com/politica/noticia/2025/08/26/moraes-determina-monitoramento-de-bolsonaro-em-tempo-integral-pela-policia.ghtml
Moraes determina monitoramento de Bolsonaro em tempo integral pela pol√≠cia,"Moraes determina refor√ßo policial no monitoramento a Bolsonaro
O ministroAlexandre de Moraes, do Supremo Tribunal Federal (STF), determinou nesta ter√ßa-feira (26) que a Pol√≠cia Penal do Distrito Federal passe a monitorar em tempo integral o ex-presidenteJair Bolsonaro(PL), que cumpre pris√£o domiciliar e √© monitorado por tornozeleira eletr√¥nica.
Moraes afirmou que h√° risco de fuga, principalmente pela atua√ß√£o do filho de Bolsonaro, o deputado Eduardo Bolsonaro, que est√° nos Estados Unidos buscando influenciar as autoridades daquele pa√≠s contra o Judici√°rio brasileiro.
O ministro tamb√©m citou a proximidade do julgamento do processo em que Jair Bolsonaro √© r√©u por tentativa de golpe de Estado. As sess√µes extraordin√°rias t√™m in√≠cio na pr√≥xima semana, em 2 de setembro (veja os hor√°rios).
'Nesse sentido, as a√ß√µes incessantes de EDUARDO NANTES BOLSONARO, estando inclusive localizado em pa√≠s estrangeiro, demonstram a possibilidade de um risco de fuga por parte de JAIR MESSIAS BOLSONARO, de modo a se furtar da aplica√ß√£o da lei penal"", escreveu o ministro.
Nesta segunda,a PGR j√° havia opinado a favor do monitoramento integral de Bolsonaro, citando risco de fuga.
De acordo com a decis√£o de Moraes, equipes devem realizar vigil√¢ncia em tempo real do endere√ßo residencial de Bolsonaro.
O ministro destacou que o monitoramento deve ser feito de forma discreta, sem ‚Äúexposi√ß√£o indevida, inclusive midi√°tica‚Äù, e sem adotar medidas que invadam a esfera domiciliar ou perturbem a vizinhan√ßa.
""O monitoramento realizado pelas equipes da Pol√≠cia Penal do Distrito Federal dever√° evitar a exposi√ß√£o indevida, abstendo-se de toda e qualquer indiscri√ß√£o, inclusive midi√°tica, sem ado√ß√£o de medidas intrusivas da esfera domiciliar do r√©u ou perturbadoras da vizinhan√ßa; ficando ao seu crit√©rio a utiliza√ß√£o ou n√£o de uniforme e respectivos armamentos necess√°rios √† execu√ß√£o da ordem"", escreveu o ministro.
Moraes deixou a crit√©rio da Pol√≠cia Penal do DF o uso ou n√£o de uniforme e armamento durante a execu√ß√£o da ordem.
Bolsonaro em pris√£o domiciliar em 14 de agosto de 2025 ‚Äî Foto: REUTERS/Adriano Machado/File Photo
O ministro tamb√©m determinou que seja oficiada a Secretaria de Seguran√ßa P√∫blica do Distrito Federal para as provid√™ncias cab√≠veis e que os advogados de Bolsonaro sejam intimados da decis√£o.
Al√©m disso, Moraes encaminhou os autos √† Procuradoria-Geral da Rep√∫blica (PGR), que ter√° cinco dias para se manifestar sobre quest√µes pendentes do processo.
Por que Bolsonaro est√° preso em casa
Bolsonaro √© r√©u por tentativa de golpe de Estado ap√≥s a vit√≥ria de Lula nas elei√ß√µes de 2022. Esse julgamento come√ßa na ter√ßa-feira (2). N√£o √© por causa desse processo que ele est√° em pris√£o domiciliar.
Moraes, relator dos casos, determinou a pris√£o domiciliar dentro de um outro inqu√©rito, que investigaJair e Eduardo por estarem coagindo autoridades respons√°veispelo processo do golpe de Estado.
O pr√≥prio Eduardo diz que age nos Estados Unidos junto ao governo Donald Trump para anistiar os golpistas ou cancelar o julgamento de que seu pai √© alvo. Nesse contexto, Trump imp√¥s um tarifa√ßo de 50% a produtos brasileiros e justificou o julgamento ‚Äî chamado por ele de ""ca√ßa √†s bruxas"" ‚Äî como um dos motivos.
Descumprimento de restri√ß√µes
A PGR ainda tem at√© a manh√£ de quarta-feira (27) para se manifestar sobre o descumprimento de restri√ß√µes impostas a Bolsonaro pelo STF, como o uso de redes sociais, e ainda o suposto risco de fuga, diante de uma minuta que foi encontrada no celular de Bolsonaro e que tratava de um pedido de asilo √† Argentina. A defesa do ex-presidente nega qualquer viola√ß√£o das cautelares.",https://g1.globo.com/politica/noticia/2025/08/26/moraes-determina-monitoramento-de-bolsonaro-em-tempo-integral-pela-policia.ghtml
Moraes determina monitoramento de Bolsonaro em tempo integral pela pol√≠cia,"Moraes determina refor√ßo policial no monitoramento a Bolsonaro
O ministroAlexandre de Moraes, do Supremo Tribunal Federal (STF), determinou nesta ter√ßa-feira (26) que a Pol√≠cia Penal do Distrito Federal passe a monitorar em tempo integral o ex-presidenteJair Bolsonaro(PL), que cumpre pris√£o domiciliar e √© monitorado por tornozeleira eletr√¥nica.
Moraes afirmou que h√° risco de fuga, principalmente pela atua√ß√£o do filho de Bolsonaro, o deputado Eduardo Bolsonaro, que est√° nos Estados Unidos buscando influenciar as autoridades daquele pa√≠s contra o Judici√°rio brasileiro.
O ministro tamb√©m citou a proximidade do julgamento do processo em que Jair Bolsonaro √© r√©u por tentativa de golpe de Estado. As sess√µes extraordin√°rias t√™m in√≠cio na pr√≥xima semana, em 2 de setembro (veja os hor√°rios).
'Nesse sentido, as a√ß√µes incessantes de EDUARDO NANTES BOLSONARO, estando inclusive localizado em pa√≠s estrangeiro, demonstram a possibilidade de um risco de fuga por parte de JAIR MESSIAS BOLSONARO, de modo a se furtar da aplica√ß√£o da lei penal"", escreveu o ministro.
Nesta segunda,a PGR j√° havia opinado a favor do monitoramento integral de Bolsonaro, citando risco de fuga.
De acordo com a decis√£o de Moraes, equipes devem realizar vigil√¢ncia em tempo real do endere√ßo residencial de Bolsonaro.
O ministro destacou que o monitoramento deve ser feito de forma discreta, sem ‚Äúexposi√ß√£o indevida, inclusive midi√°tica‚Äù, e sem adotar medidas que invadam a esfera domiciliar ou perturbem a vizinhan√ßa.
""O monitoramento realizado pelas equipes da Pol√≠cia Penal do Distrito Federal dever√° evitar a exposi√ß√£o indevida, abstendo-se de toda e qualquer indiscri√ß√£o, inclusive midi√°tica, sem ado√ß√£o de medidas intrusivas da esfera domiciliar do r√©u ou perturbadoras da vizinhan√ßa; ficando ao seu crit√©rio a utiliza√ß√£o ou n√£o de uniforme e respectivos armamentos necess√°rios √† execu√ß√£o da ordem"", escreveu o ministro.
Moraes deixou a crit√©rio da Pol√≠cia Penal do DF o uso ou n√£o de uniforme e armamento durante a execu√ß√£o da ordem.
Bolsonaro em pris√£o domiciliar em 14 de agosto de 2025 ‚Äî Foto: REUTERS/Adriano Machado/File Photo
O ministro tamb√©m determinou que seja oficiada a Secretaria de Seguran√ßa P√∫blica do Distrito Federal para as provid√™ncias cab√≠veis e que os advogados de Bolsonaro sejam intimados da decis√£o.
Al√©m disso, Moraes encaminhou os autos √† Procuradoria-Geral da Rep√∫blica (PGR), que ter√° cinco dias para se manifestar sobre quest√µes pendentes do processo.
Por que Bolsonaro est√° preso em casa
Bolsonaro √© r√©u por tentativa de golpe de Estado ap√≥s a vit√≥ria de Lula nas elei√ß√µes de 2022. Esse julgamento come√ßa na ter√ßa-feira (2). N√£o √© por causa desse processo que ele est√° em pris√£o domiciliar.
Moraes, relator dos casos, determinou a pris√£o domiciliar dentro de um outro inqu√©rito, que investigaJair e Eduardo por estarem coagindo autoridades respons√°veispelo processo do golpe de Estado.
O pr√≥prio Eduardo diz que age nos Estados Unidos junto ao governo Donald Trump para anistiar os golpistas ou cancelar o julgamento de que seu pai √© alvo. Nesse contexto, Trump imp√¥s um tarifa√ßo de 50% a produtos brasileiros e justificou o julgamento ‚Äî chamado por ele de ""ca√ßa √†s bruxas"" ‚Äî como um dos motivos.
Descumprimento de restri√ß√µes
A PGR ainda tem at√© a manh√£ de quarta-feira (27) para se manifestar sobre o descumprimento de restri√ß√µes impostas a Bolsonaro pelo STF, como o uso de redes sociais, e ainda o suposto risco de fuga, diante de uma minuta que foi encontrada no celular de Bolsonaro e que tratava de um pedido de asilo √† Argentina. A defesa do ex-presidente nega qualquer viola√ß√£o das cautelares.",https://g1.globo.com/politica/noticia/2025/08/26/moraes-determina-monitoramento-de-bolsonaro-em-tempo-integral-pela-policia.ghtml
Moraes determina monitoramento de Bolsonaro em tempo integral pela pol√≠cia,"Moraes determina refor√ßo policial no monitoramento a Bolsonaro
O ministroAlexandre de Moraes, do Supremo Tribunal Federal (STF), determinou nesta ter√ßa-feira (26) que a Pol√≠cia Penal do Distrito Federal passe a monitorar em tempo integral o ex-presidenteJair Bolsonaro(PL), que cumpre pris√£o domiciliar e √© monitorado por tornozeleira eletr√¥nica.
Moraes afirmou que h√° risco de fuga, principalmente pela atua√ß√£o do filho de Bolsonaro, o deputado Eduardo Bolsonaro, que est√° nos Estados Unidos buscando influenciar as autoridades daquele pa√≠s contra o Judici√°rio brasileiro.
O ministro tamb√©m citou a proximidade do julgamento do processo em que Jair Bolsonaro √© r√©u por tentativa de golpe de Estado. As sess√µes extraordin√°rias t√™m in√≠cio na pr√≥xima semana, em 2 de setembro (veja os hor√°rios).
'Nesse sentido, as a√ß√µes incessantes de EDUARDO NANTES BOLSONARO, estando inclusive localizado em pa√≠s estrangeiro, demonstram a possibilidade de um risco de fuga por parte de JAIR MESSIAS BOLSONARO, de modo a se furtar da aplica√ß√£o da lei penal"", escreveu o ministro.
Nesta segunda,a PGR j√° havia opinado a favor do monitoramento integral de Bolsonaro, citando risco de fuga.
De acordo com a decis√£o de Moraes, equipes devem realizar vigil√¢ncia em tempo real do endere√ßo residencial de Bolsonaro.
O ministro destacou que o monitoramento deve ser feito de forma discreta, sem ‚Äúexposi√ß√£o indevida, inclusive midi√°tica‚Äù, e sem adotar medidas que invadam a esfera domiciliar ou perturbem a vizinhan√ßa.
""O monitoramento realizado pelas equipes da Pol√≠cia Penal do Distrito Federal dever√° evitar a exposi√ß√£o indevida, abstendo-se de toda e qualquer indiscri√ß√£o, inclusive midi√°tica, sem ado√ß√£o de medidas intrusivas da esfera domiciliar do r√©u ou perturbadoras da vizinhan√ßa; ficando ao seu crit√©rio a utiliza√ß√£o ou n√£o de uniforme e respectivos armamentos necess√°rios √† execu√ß√£o da ordem"", escreveu o ministro.
Moraes deixou a crit√©rio da Pol√≠cia Penal do DF o uso ou n√£o de uniforme e armamento durante a execu√ß√£o da ordem.
Bolsonaro em pris√£o domiciliar em 14 de agosto de 2025 ‚Äî Foto: REUTERS/Adriano Machado/File Photo
O ministro tamb√©m determinou que seja oficiada a Secretaria de Seguran√ßa P√∫blica do Distrito Federal para as provid√™ncias cab√≠veis e que os advogados de Bolsonaro sejam intimados da decis√£o.
Al√©m disso, Moraes encaminhou os autos √† Procuradoria-Geral da Rep√∫blica (PGR), que ter√° cinco dias para se manifestar sobre quest√µes pendentes do processo.
Por que Bolsonaro est√° preso em casa
Bolsonaro √© r√©u por tentativa de golpe de Estado ap√≥s a vit√≥ria de Lula nas elei√ß√µes de 2022. Esse julgamento come√ßa na ter√ßa-feira (2). N√£o √© por causa desse processo que ele est√° em pris√£o domiciliar.
Moraes, relator dos casos, determinou a pris√£o domiciliar dentro de um outro inqu√©rito, que investigaJair e Eduardo por estarem coagindo autoridades respons√°veispelo processo do golpe de Estado.
O pr√≥prio Eduardo diz que age nos Estados Unidos junto ao governo Donald Trump para anistiar os golpistas ou cancelar o julgamento de que seu pai √© alvo. Nesse contexto, Trump imp√¥s um tarifa√ßo de 50% a produtos brasileiros e justificou o julgamento ‚Äî chamado por ele de ""ca√ßa √†s bruxas"" ‚Äî como um dos motivos.
Descumprimento de restri√ß√µes
A PGR ainda tem at√© a manh√£ de quarta-feira (27) para se manifestar sobre o descumprimento de restri√ß√µes impostas a Bolsonaro pelo STF, como o uso de redes sociais, e ainda o suposto risco de fuga, diante de uma minuta que foi encontrada no celular de Bolsonaro e que tratava de um pedido de asilo √† Argentina. A defesa do ex-presidente nega qualquer viola√ß√£o das cautelares.",https://g1.globo.com/politica/noticia/2025/08/26/moraes-determina-monitoramento-de-bolsonaro-em-tempo-integral-pela-policia.ghtml
Moraes determina monitoramento de Bolsonaro em tempo integral pela pol√≠cia,"Moraes determina refor√ßo policial no monitoramento a Bolsonaro
O ministroAlexandre de Moraes, do Supremo Tribunal Federal (STF), determinou nesta ter√ßa-feira (26) que a Pol√≠cia Penal do Distrito Federal passe a monitorar em tempo integral o ex-presidenteJair Bolsonaro(PL), que cumpre pris√£o domiciliar e √© monitorado por tornozeleira eletr√¥nica.
Moraes afirmou que h√° risco de fuga, principalmente pela atua√ß√£o do filho de Bolsonaro, o deputado Eduardo Bolsonaro, que est√° nos Estados Unidos buscando influenciar as autoridades daquele pa√≠s contra o Judici√°rio brasileiro.
O ministro tamb√©m citou a proximidade do julgamento do processo em que Jair Bolsonaro √© r√©u por tentativa de golpe de Estado. As sess√µes extraordin√°rias t√™m in√≠cio na pr√≥xima semana, em 2 de setembro (veja os hor√°rios).
'Nesse sentido, as a√ß√µes incessantes de EDUARDO NANTES BOLSONARO, estando inclusive localizado em pa√≠s estrangeiro, demonstram a possibilidade de um risco de fuga por parte de JAIR MESSIAS BOLSONARO, de modo a se furtar da aplica√ß√£o da lei penal"", escreveu o ministro.
Nesta segunda,a PGR j√° havia opinado a favor do monitoramento integral de Bolsonaro, citando risco de fuga.
De acordo com a decis√£o de Moraes, equipes devem realizar vigil√¢ncia em tempo real do endere√ßo residencial de Bolsonaro.
O ministro destacou que o monitoramento deve ser feito de forma discreta, sem ‚Äúexposi√ß√£o indevida, inclusive midi√°tica‚Äù, e sem adotar medidas que invadam a esfera domiciliar ou perturbem a vizinhan√ßa.
""O monitoramento realizado pelas equipes da Pol√≠cia Penal do Distrito Federal dever√° evitar a exposi√ß√£o indevida, abstendo-se de toda e qualquer indiscri√ß√£o, inclusive midi√°tica, sem ado√ß√£o de medidas intrusivas da esfera domiciliar do r√©u ou perturbadoras da vizinhan√ßa; ficando ao seu crit√©rio a utiliza√ß√£o ou n√£o de uniforme e respectivos armamentos necess√°rios √† execu√ß√£o da ordem"", escreveu o ministro.
Moraes deixou a crit√©rio da Pol√≠cia Penal do DF o uso ou n√£o de uniforme e armamento durante a execu√ß√£o da ordem.
Bolsonaro em pris√£o domiciliar em 14 de agosto de 2025 ‚Äî Foto: REUTERS/Adriano Machado/File Photo
O ministro tamb√©m determinou que seja oficiada a Secretaria de Seguran√ßa P√∫blica do Distrito Federal para as provid√™ncias cab√≠veis e que os advogados de Bolsonaro sejam intimados da decis√£o.
Al√©m disso, Moraes encaminhou os autos √† Procuradoria-Geral da Rep√∫blica (PGR), que ter√° cinco dias para se manifestar sobre quest√µes pendentes do processo.
Por que Bolsonaro est√° preso em casa
Bolsonaro √© r√©u por tentativa de golpe de Estado ap√≥s a vit√≥ria de Lula nas elei√ß√µes de 2022. Esse julgamento come√ßa na ter√ßa-feira (2). N√£o √© por causa desse processo que ele est√° em pris√£o domiciliar.
Moraes, relator dos casos, determinou a pris√£o domiciliar dentro de um outro inqu√©rito, que investigaJair e Eduardo por estarem coagindo autoridades respons√°veispelo processo do golpe de Estado.
O pr√≥prio Eduardo diz que age nos Estados Unidos junto ao governo Donald Trump para anistiar os golpistas ou cancelar o julgamento de que seu pai √© alvo. Nesse contexto, Trump imp√¥s um tarifa√ßo de 50% a produtos brasileiros e justificou o julgamento ‚Äî chamado por ele de ""ca√ßa √†s bruxas"" ‚Äî como um dos motivos.
Descumprimento de restri√ß√µes
A PGR ainda tem at√© a manh√£ de quarta-feira (27) para se manifestar sobre o descumprimento de restri√ß√µes impostas a Bolsonaro pelo STF, como o uso de redes sociais, e ainda o suposto risco de fuga, diante de uma minuta que foi encontrada no celular de Bolsonaro e que tratava de um pedido de asilo √† Argentina. A defesa do ex-presidente nega qualquer viola√ß√£o das cautelares.",https://g1.globo.com/politica/noticia/2025/08/26/moraes-determina-monitoramento-de-bolsonaro-em-tempo-integral-pela-policia.ghtml
Moraes determina monitoramento de Bolsonaro em tempo integral pela pol√≠cia,"Moraes determina refor√ßo policial no monitoramento a Bolsonaro
O ministroAlexandre de Moraes, do Supremo Tribunal Federal (STF), determinou nesta ter√ßa-feira (26) que a Pol√≠cia Penal do Distrito Federal passe a monitorar em tempo integral o ex-presidenteJair Bolsonaro(PL), que cumpre pris√£o domiciliar e √© monitorado por tornozeleira eletr√¥nica.
Moraes afirmou que h√° risco de fuga, principalmente pela atua√ß√£o do filho de Bolsonaro, o deputado Eduardo Bolsonaro, que est√° nos Estados Unidos buscando influenciar as autoridades daquele pa√≠s contra o Judici√°rio brasileiro.
O ministro tamb√©m citou a proximidade do julgamento do processo em que Jair Bolsonaro √© r√©u por tentativa de golpe de Estado. As sess√µes extraordin√°rias t√™m in√≠cio na pr√≥xima semana, em 2 de setembro (veja os hor√°rios).
'Nesse sentido, as a√ß√µes incessantes de EDUARDO NANTES BOLSONARO, estando inclusive localizado em pa√≠s estrangeiro, demonstram a possibilidade de um risco de fuga por parte de JAIR MESSIAS BOLSONARO, de modo a se furtar da aplica√ß√£o da lei penal"", escreveu o ministro.
Nesta segunda,a PGR j√° havia opinado a favor do monitoramento integral de Bolsonaro, citando risco de fuga.
De acordo com a decis√£o de Moraes, equipes devem realizar vigil√¢ncia em tempo real do endere√ßo residencial de Bolsonaro.
O ministro destacou que o monitoramento deve ser feito de forma discreta, sem ‚Äúexposi√ß√£o indevida, inclusive midi√°tica‚Äù, e sem adotar medidas que invadam a esfera domiciliar ou perturbem a vizinhan√ßa.
""O monitoramento realizado pelas equipes da Pol√≠cia Penal do Distrito Federal dever√° evitar a exposi√ß√£o indevida, abstendo-se de toda e qualquer indiscri√ß√£o, inclusive midi√°tica, sem ado√ß√£o de medidas intrusivas da esfera domiciliar do r√©u ou perturbadoras da vizinhan√ßa; ficando ao seu crit√©rio a utiliza√ß√£o ou n√£o de uniforme e respectivos armamentos necess√°rios √† execu√ß√£o da ordem"", escreveu o ministro.
Moraes deixou a crit√©rio da Pol√≠cia Penal do DF o uso ou n√£o de uniforme e armamento durante a execu√ß√£o da ordem.
Bolsonaro em pris√£o domiciliar em 14 de agosto de 2025 ‚Äî Foto: REUTERS/Adriano Machado/File Photo
O ministro tamb√©m determinou que seja oficiada a Secretaria de Seguran√ßa P√∫blica do Distrito Federal para as provid√™ncias cab√≠veis e que os advogados de Bolsonaro sejam intimados da decis√£o.
Al√©m disso, Moraes encaminhou os autos √† Procuradoria-Geral da Rep√∫blica (PGR), que ter√° cinco dias para se manifestar sobre quest√µes pendentes do processo.
Por que Bolsonaro est√° preso em casa
Bolsonaro √© r√©u por tentativa de golpe de Estado ap√≥s a vit√≥ria de Lula nas elei√ß√µes de 2022. Esse julgamento come√ßa na ter√ßa-feira (2). N√£o √© por causa desse processo que ele est√° em pris√£o domiciliar.
Moraes, relator dos casos, determinou a pris√£o domiciliar dentro de um outro inqu√©rito, que investigaJair e Eduardo por estarem coagindo autoridades respons√°veispelo processo do golpe de Estado.
O pr√≥prio Eduardo diz que age nos Estados Unidos junto ao governo Donald Trump para anistiar os golpistas ou cancelar o julgamento de que seu pai √© alvo. Nesse contexto, Trump imp√¥s um tarifa√ßo de 50% a produtos brasileiros e justificou o julgamento ‚Äî chamado por ele de ""ca√ßa √†s bruxas"" ‚Äî como um dos motivos.
Descumprimento de restri√ß√µes
A PGR ainda tem at√© a manh√£ de quarta-feira (27) para se manifestar sobre o descumprimento de restri√ß√µes impostas a Bolsonaro pelo STF, como o uso de redes sociais, e ainda o suposto risco de fuga, diante de uma minuta que foi encontrada no celular de Bolsonaro e que tratava de um pedido de asilo √† Argentina. A defesa do ex-presidente nega qualquer viola√ß√£o das cautelares.",https://g1.globo.com/politica/noticia/2025/08/26/moraes-determina-monitoramento-de-bolsonaro-em-tempo-integral-pela-policia.ghtml
Moraes determina monitoramento de Bolsonaro em tempo integral pela pol√≠cia,"Moraes determina refor√ßo policial no monitoramento a Bolsonaro
O ministroAlexandre de Moraes, do Supremo Tribunal Federal (STF), determinou nesta ter√ßa-feira (26) que a Pol√≠cia Penal do Distrito Federal passe a monitorar em tempo integral o ex-presidenteJair Bolsonaro(PL), que cumpre pris√£o domiciliar e √© monitorado por tornozeleira eletr√¥nica.
Moraes afirmou que h√° risco de fuga, principalmente pela atua√ß√£o do filho de Bolsonaro, o deputado Eduardo Bolsonaro, que est√° nos Estados Unidos buscando influenciar as autoridades daquele pa√≠s contra o Judici√°rio brasileiro.
O ministro tamb√©m citou a proximidade do julgamento do processo em que Jair Bolsonaro √© r√©u por tentativa de golpe de Estado. As sess√µes extraordin√°rias t√™m in√≠cio na pr√≥xima semana, em 2 de setembro (veja os hor√°rios).
'Nesse sentido, as a√ß√µes incessantes de EDUARDO NANTES BOLSONARO, estando inclusive localizado em pa√≠s estrangeiro, demonstram a possibilidade de um risco de fuga por parte de JAIR MESSIAS BOLSONARO, de modo a se furtar da aplica√ß√£o da lei penal"", escreveu o ministro.
Nesta segunda,a PGR j√° havia opinado a favor do monitoramento integral de Bolsonaro, citando risco de fuga.
De acordo com a decis√£o de Moraes, equipes devem realizar vigil√¢ncia em tempo real do endere√ßo residencial de Bolsonaro.
O ministro destacou que o monitoramento deve ser feito de forma discreta, sem ‚Äúexposi√ß√£o indevida, inclusive midi√°tica‚Äù, e sem adotar medidas que invadam a esfera domiciliar ou perturbem a vizinhan√ßa.
""O monitoramento realizado pelas equipes da Pol√≠cia Penal do Distrito Federal dever√° evitar a exposi√ß√£o indevida, abstendo-se de toda e qualquer indiscri√ß√£o, inclusive midi√°tica, sem ado√ß√£o de medidas intrusivas da esfera domiciliar do r√©u ou perturbadoras da vizinhan√ßa; ficando ao seu crit√©rio a utiliza√ß√£o ou n√£o de uniforme e respectivos armamentos necess√°rios √† execu√ß√£o da ordem"", escreveu o ministro.
Moraes deixou a crit√©rio da Pol√≠cia Penal do DF o uso ou n√£o de uniforme e armamento durante a execu√ß√£o da ordem.
Bolsonaro em pris√£o domiciliar em 14 de agosto de 2025 ‚Äî Foto: REUTERS/Adriano Machado/File Photo
O ministro tamb√©m determinou que seja oficiada a Secretaria de Seguran√ßa P√∫blica do Distrito Federal para as provid√™ncias cab√≠veis e que os advogados de Bolsonaro sejam intimados da decis√£o.
Al√©m disso, Moraes encaminhou os autos √† Procuradoria-Geral da Rep√∫blica (PGR), que ter√° cinco dias para se manifestar sobre quest√µes pendentes do processo.
Por que Bolsonaro est√° preso em casa
Bolsonaro √© r√©u por tentativa de golpe de Estado ap√≥s a vit√≥ria de Lula nas elei√ß√µes de 2022. Esse julgamento come√ßa na ter√ßa-feira (2). N√£o √© por causa desse processo que ele est√° em pris√£o domiciliar.
Moraes, relator dos casos, determinou a pris√£o domiciliar dentro de um outro inqu√©rito, que investigaJair e Eduardo por estarem coagindo autoridades respons√°veispelo processo do golpe de Estado.
O pr√≥prio Eduardo diz que age nos Estados Unidos junto ao governo Donald Trump para anistiar os golpistas ou cancelar o julgamento de que seu pai √© alvo. Nesse contexto, Trump imp√¥s um tarifa√ßo de 50% a produtos brasileiros e justificou o julgamento ‚Äî chamado por ele de ""ca√ßa √†s bruxas"" ‚Äî como um dos motivos.
Descumprimento de restri√ß√µes
A PGR ainda tem at√© a manh√£ de quarta-feira (27) para se manifestar sobre o descumprimento de restri√ß√µes impostas a Bolsonaro pelo STF, como o uso de redes sociais, e ainda o suposto risco de fuga, diante de uma minuta que foi encontrada no celular de Bolsonaro e que tratava de um pedido de asilo √† Argentina. A defesa do ex-presidente nega qualquer viola√ß√£o das cautelares.",https://g1.globo.com/politica/noticia/2025/08/26/moraes-determina-monitoramento-de-bolsonaro-em-tempo-integral-pela-policia.ghtml
